n,z,firstExcitedStateEnergy(keV)
3,1,310
4,1,3100
5,1,4100
6,1,15000
2,2,20210
4,2,1797
5,2,2920
7,2,1100
8,2,3240
1,3,320
3,3,2186
4,3,477.612
5,3,980.8
6,3,2691
7,3,210
8,3,1266
9,3,130
2,4,1670
3,4,429.08
4,4,3030
5,4,1684
6,4,3368.03
7,4,320.04
8,4,2109
3,5,769.5
4,5,1500
5,5,718.38
6,5,2124.693
7,5,953.14
8,5,3482.8
9,5,740
11,5,2320
15,5,940
3,6,2218
4,6,3353.7
5,6,2000
6,6,4439.82
7,6,3089.443
8,6,6093.8
9,6,740
10,6,1766
11,6,217
12,6,1588
13,6,209
14,6,1618
3,7,900
4,7,730
5,7,961
6,7,2364.9
7,7,2312.798
8,7,5270.155
9,7,120.42
10,7,1373.9
11,7,114.71
12,7,1143
13,7,843
14,7,1160
15,7,183
16,7,3600
3,8,490
4,8,1620
5,8,2750
6,8,5173
7,8,5183
8,8,6049.4
9,8,870.756
10,8,1982.07
11,8,96
12,8,1673.68
13,8,1220
14,8,3199
15,8,2780
16,8,4790
18,8,1277
5,9,540
6,9,1520
7,9,193
8,9,495.33
9,9,937.2
10,9,109.894
11,9,656.02
12,9,279.93
13,9,71.65
14,9,2246
15,9,521.5
16,9,3300
17,9,643.4
18,9,777
19,9,590
5,10,1900
6,10,1770
7,10,1288
8,10,1887.3
9,10,238.27
10,10,1633.674
11,10,350.727
12,10,1274.537
13,10,1016.926
14,10,1981.6
15,10,1702.8
16,10,2018
17,10,765
19,10,232
20,10,792
22,10,722
7,11,300
8,11,120
9,11,596
10,11,331.9
11,11,583.05
12,11,440.2
13,11,472.2074
14,11,89.53
15,11,82.2
16,11,62.9
17,11,55.2
18,11,72
19,11,150.62
20,11,375
21,11,569
22,11,429
24,11,373
7,12,1380
8,12,1598
9,12,201
10,12,1247.02
11,12,450.7
12,12,1368.672
13,12,585.045
14,12,1808.74
15,12,984.88
16,12,1473.54
17,12,54.6
18,12,1482.8
19,12,50.1
20,12,885.3
21,12,484.1
22,12,660
24,12,662
26,12,656
28,12,500
9,13,1850
10,13,550
11,13,425.8
12,13,451.7
13,13,228.305
14,13,843.76
15,13,30.6382
16,13,1398.05
17,13,243.9
18,13,946.7
19,13,734.7
20,13,747.5
21,13,657
22,13,802
26,13,800
10,14,1879
11,14,40
12,14,1797.3
13,14,780.9
14,14,1779.03
15,14,1273.387
16,14,2235.322
17,14,752.23
18,14,1941.4
19,14,1010.2
20,14,3327.14
21,14,909.95
22,14,1408
23,14,68.2
24,14,1074
26,14,986
27,14,672
28,14,742
11,15,164.4
12,15,1120
13,15,105.64
14,15,1383.55
15,15,677.01
16,15,1266.13
17,15,78.06
18,15,1431.7
19,15,429.09
20,15,2386.6
21,15,249.9
22,15,861
23,15,380
24,15,355
26,15,172
28,15,184
12,16,1507
13,16,1222
14,16,2210.6
15,16,1248.87
16,16,2230.57
17,16,840.982
18,16,2127.564
19,16,1572.378
20,16,3290.9
21,16,646.177
22,16,1292.02
23,16,58.73
24,16,903.69
25,16,449
26,16,903
27,16,320.7
28,16,1329
30,16,952
12,17,500
14,17,750
15,17,89.9
16,17,810.55
17,17,146.36
18,17,1219.29
19,17,788.4328
20,17,1726.58
21,17,671.365
22,17,396.42
23,17,211.62
24,17,129.7
25,17,118.19
26,17,328
27,17,475
28,17,127
29,17,118
12,18,700
14,18,1867
15,18,1359
16,18,2091.1
17,18,1184.03
18,18,1970.38
19,18,1409.84
20,18,2167.472
21,18,1267.207
22,18,1460.849
23,18,167.11
24,18,1208.22
26,18,750
27,18,542.1
28,18,1577
29,18,1130
30,18,1039
32,18,1178
34,18,1656
16,19,1553
17,19,810
18,19,1370.85
19,19,130.22
20,19,2522.75
21,19,29.8299
22,19,980.476
23,19,106.826
24,19,561.2
25,19,182.71
26,19,474.45
27,19,587.4
28,19,360
29,19,142.7
30,19,91.7
31,19,44
16,20,3045
17,20,1606.4
18,20,2213.2
19,20,2466.9
20,20,3352.62
21,20,1942.88
22,20,1524.71
23,20,372.762
24,20,1157.019
25,20,174.25
26,20,1346
27,20,2013.53
28,20,3831.96
29,20,2023.2
30,20,1026.72
31,20,1240
32,20,2563
33,20,1746
34,20,2043
18,21,950
19,21,34.3
20,21,1716.48
21,21,611.051
22,21,151.79
23,21,67.8679
24,21,12.4
25,21,52.011
26,21,766.83
27,21,130.93
28,21,2228.63
29,21,256.895
30,21,861.62
32,21,2109
33,21,110
19,22,1623
20,22,1554.6
21,22,313
22,22,1083.06
23,22,36.53
24,22,889.286
25,22,159.371
26,22,983.531
27,22,1381.773
28,22,1553.794
29,22,1166.7
30,22,1050.06
31,22,1237.06
32,22,1494.8
33,22,592
34,22,1128.2
36,22,1047
37,22,113.3
38,22,850
39,22,125
20,23,8250
22,23,56.7
23,23,801.46
24,23,87.525
25,23,308.29
26,23,90.6392
27,23,226.21
28,23,320.0835
29,23,17.155
30,23,127.6
31,23,108
32,23,323.3
34,23,113.2
35,23,114
41,23,81.9
22,24,892.16
23,24,99.1
24,24,752.16
25,24,271.72
26,24,783.31
27,24,749.1
28,24,1434.091
29,24,564.03
30,24,834.855
31,24,241.91
32,24,1006.61
33,24,267.87
34,24,880.7
35,24,207.4
36,24,643.9
37,24,70.8
38,24,446
40,24,429
42,24,386
21,25,5017
22,25,6870
23,25,313.3
24,25,261.38
25,25,225.28
26,25,237.3
27,25,377.749
28,25,377.89
29,25,54.88
30,25,125.949
31,25,26.6045
32,25,83.19
33,25,71.77
34,25,112.1
35,25,271.8
36,25,157.1
39,25,40.2
22,26,969.5
23,26,90
24,26,764.9
25,26,253.5
26,26,849.45
27,26,741.11
28,26,1408.19
29,26,411.42
30,26,846.7778
31,26,14.4129
32,26,810.7662
33,26,287.023
34,26,823.83
35,26,206.92
36,26,877.31
38,26,746.4
39,26,364
40,26,574.4
41,26,367
42,26,522
44,26,480
23,27,4835
25,27,370
26,27,1327
27,27,197.1
28,27,2165.89
29,27,158.38
30,27,1223.98
31,27,24.95
32,27,1099.256
33,27,58.59
34,27,1027.48
35,27,22
36,27,995.05
37,27,107
38,27,882.54
39,27,175
24,28,1397
25,28,319.7
26,28,1392.3
27,28,2089
28,28,2700.6
29,28,768.5
30,28,1454.21
31,28,339.418
32,28,1332.514
33,28,67.414
34,28,1172.98
35,28,87.15
36,28,1345.777
37,28,63.37
38,28,1424.8
39,28,694.1
40,28,1770
41,28,321
42,28,1259.55
43,28,280.5
44,28,1096
45,28,239.2
46,28,1024
48,28,992
28,29,1028
29,29,202.99
30,29,491.5
31,29,62.2
32,29,475.05
33,29,40.83
34,29,669.93
35,29,159.282
36,29,770.64
37,29,185.953
38,29,1115.4
39,29,84.11
40,29,1096
41,29,101.1
42,29,454.2
43,29,137.32
44,29,135.4
46,29,61.7
48,29,293
28,30,1356
29,30,540
30,30,1003.9
31,30,88.55
32,30,953.84
33,30,192.92
34,30,991.54
35,30,53.928
36,30,1039.2279
37,30,93.312
38,30,1077.37
39,30,438.636
40,30,884.92
41,30,157.7
42,30,652.7
43,30,195.5
44,30,605.9
45,30,126.94
46,30,598.68
47,30,114.721
48,30,730.2
49,30,983
50,30,1492
52,30,618
30,31,220
31,31,571.2
32,31,75.32
33,31,42.86
34,31,61.94
35,31,43.812
36,31,166.98
37,31,175.017
38,31,318.706
39,31,508.17
40,31,389.94
41,31,16.44
42,31,0.3
43,31,56.55
44,31,22.39
45,31,172.29
46,31,105.66
47,31,281.38
48,31,5.4
49,31,22.4
50,31,351.1
51,31,34.5
30,32,964
32,32,901.7
33,32,111.02
34,32,956.94
35,32,18.2
36,32,1015.81
37,32,86.76
38,32,1039.506
39,32,174.943
40,32,691.43
41,32,13.2845
42,32,595.85
43,32,61.92
44,32,562.93
45,32,159.71
46,32,619.36
47,32,185.95
48,32,659.15
49,32,679.14
50,32,1348.3
51,32,247.2
52,32,624.3
53,32,107.2
54,32,527
32,33,3420
33,33,837.07
34,33,68.56
35,33,158.1
36,33,98.01
37,33,32.046
38,33,143.5
39,33,46.025
40,33,67.035
41,33,173.135
42,33,198.6063
43,33,44.425
44,33,194.71
45,33,184.5
46,33,100.45
47,33,243
48,33,93.1
49,33,131.6
50,33,306.51
51,33,99.9
32,34,929
34,34,853.75
35,34,38.85
36,34,944.52
37,34,48.79
38,34,862.07
39,34,25.71
40,34,634.74
41,34,112.3876
42,34,559.102
43,34,161.9223
44,34,613.727
45,34,95.77
46,34,666.27
47,34,103
48,34,654.71
49,34,228.92
50,34,1454.55
51,34,461.9
52,34,704.3
53,34,91.9
56,34,547
35,35,933.6
36,35,9.81
37,35,100.76
38,35,26.92
39,35,9.84
40,35,119.52
41,35,45.47
42,35,105.86
43,35,32.32
44,35,207.61
45,35,37.0526
46,35,275.985
47,35,45.9492
48,35,356.703
50,35,344.96
51,35,5.1
52,35,242.51
53,35,159.2
54,35,130.3
36,36,671
37,36,144.05
38,36,455.61
39,36,178.99
40,36,423.96
41,36,66.5
42,36,455.033
43,36,129.77
44,36,616.6
45,36,49.57
46,36,776.526
47,36,9.4057
48,36,881.615
49,36,304.871
50,36,1564.61
51,36,531.99
52,36,775.32
53,36,28.59
54,36,707.12
55,36,144.3
56,36,769.1
57,36,117.45
58,36,665.5
59,36,113.8
62,36,329
64,36,309
36,37,3230
37,37,478
38,37,38
39,37,101.29
40,37,144.83
41,37,46.84
42,37,39.37
43,37,175.25
44,37,86.31
45,37,69
46,37,5.2357
47,37,248.06
48,37,151.192
49,37,488.2
50,37,402.588
51,37,27.515
52,37,220.948
53,37,106.9
54,37,108.789
55,37,142.308
56,37,253.39
57,37,4.54
58,37,192
59,37,59.31
60,37,68.1
61,37,50.2
62,37,65
36,38,471
38,38,262.3
39,38,186
40,38,277.6
41,38,159.21
42,38,385.88
43,38,79.23
44,38,573.54
45,38,35.47
46,38,793.22
47,38,231.79
48,38,1076.68
49,38,388.5287
50,38,1836.09
51,38,1032
52,38,831.68
53,38,93.628
54,38,814.98
55,38,213.431
56,38,836.9
57,38,352.02
58,38,814.93
59,38,167.13
60,38,144.7
61,38,90.8
62,38,129.18
63,38,111.6
64,38,126
40,39,184
41,39,228.5
42,39,113.28
43,39,142.34
44,39,62.04
45,39,16.8
46,39,19.68
47,39,208.04
48,39,380.82
49,39,231.927
50,39,908.97
51,39,202.496
52,39,555.58
54,39,590.22
55,39,432.3
56,39,685.9
57,39,122.297
58,39,667.52
59,39,119.353
60,39,125.122
61,39,10.7
62,39,128.31
40,40,288.9
42,40,407
43,40,52.72
44,40,539.92
45,40,50.12
46,40,751.75
47,40,200.91
48,40,1057.03
49,40,587.82
50,40,1760.74
51,40,1204.81
52,40,934.51
53,40,266.82
54,40,918.75
55,40,953.97
56,40,1581.64
57,40,1103.13
58,40,854.06
59,40,121.74
60,40,212.61
61,40,98.16
62,40,151.78
63,40,109.1
64,40,139.3
65,40,124
66,40,152.1
68,40,174.3
41,41,418
42,41,129.52
43,41,48
46,41,3.9
48,41,35
49,41,122.37
50,41,104.6
51,41,135.5
52,41,30.77
53,41,40.892
54,41,235.69
55,41,44.19
56,41,743.35
57,41,84
58,41,365.27
59,41,67.4
60,41,119.41
62,41,126.42
63,41,8.7
64,41,128.1
65,41,107.9
67,41,64.3
68,41,116.7
42,42,443.9
44,42,566.6
45,42,31.56
46,42,740.54
47,42,118.8
48,42,948.02
49,42,653.01
50,42,1509.51
51,42,943.28
52,42,871.098
53,42,59.3
54,42,778.237
55,42,275
56,42,734.75
57,42,97.785
58,42,535.59
59,42,13.497
60,42,296.61
61,42,102.561
62,42,192.19
63,42,94.85
64,42,171.549
65,42,65.4
66,42,192.79
67,42,69.7
68,42,213.77
43,43,593
44,43,712
46,43,62.6
47,43,103.7
48,43,139.3
49,43,213.75
50,43,391.84
51,43,76
52,43,38.91
53,43,34.23
54,43,96.57
55,43,21.8
56,43,140.511
57,43,172.15
58,43,9.32
60,43,45.86
61,43,69.7
62,43,76.92
63,43,53.9
66,43,7
67,43,39.5
68,43,67.3
69,43,258
70,43,114.4
44,44,616.2
45,44,863.7
46,44,738.1
48,44,865.7
49,44,734.4
50,44,1430.71
51,44,787.7
52,44,832.56
53,44,189.22
54,44,652.46
55,44,89.57
56,44,539.5103
57,44,127.229
58,44,475.0962
59,44,2.81
60,44,358.02
61,44,20.606
62,44,270.07
63,44,102.681
64,44,242.23
65,44,68.75
66,44,240.73
67,44,9.7
68,44,236.69
69,44,98.4
70,44,265.19
71,44,61.7
72,44,292.43
73,44,57.7
74,44,327.6
75,44,136.3
46,45,172.9
48,45,240.1
49,45,54.6
50,45,543.3
51,45,51.98
52,45,258.76
53,45,48.5
54,45,64.4
55,45,32.686
56,45,157.32
57,45,41.94
58,45,39.753
59,45,51.42324
60,45,129.742
61,45,137
62,45,194.048
63,45,14.54
64,45,206.25
66,45,211.53
67,45,82.27
68,45,211.72
69,45,127
70,45,213.31
71,45,150
75,45,98.1
77,45,207.1
46,46,873.6
47,46,983.5
48,46,813.8
49,46,1261.8
50,46,1415.31
51,46,686.62
52,46,862.69
53,46,219.89
54,46,665.49
55,46,80.3
56,46,556.44
57,46,118.736
58,46,555.81
59,46,280.62
60,46,511.85
61,46,115.74
62,46,433.938
63,46,113.4
64,46,373.8
65,46,72.2
66,46,348.66
67,46,35.08
68,46,332.61
69,46,89.21
70,46,340.26
71,46,34.64
72,46,378.6
74,46,438
75,46,135
76,46,499
78,46,590
80,46,693.3
82,46,1311.4
48,47,77.4
50,47,1289.91
51,47,107.28
52,47,342.6
53,47,15.52
54,47,98
55,47,9.4
56,47,27.54
57,47,6.9
58,47,25.468
59,47,89.66
60,47,93.125
61,47,79.1401
62,47,88.0337
63,47,1.112
64,47,59.82
65,47,18.5
66,47,43.5
67,47,126.7
68,47,41.16
69,47,47.9
70,47,28.6
71,47,45.79
73,47,52.5
76,47,26.96
50,48,1395.1
51,48,440.8
52,48,1004.11
53,48,252
54,48,776.55
55,48,187.89
56,48,658
57,48,131.2
58,48,632.64
59,48,204.98
60,48,632.988
61,48,59.6
62,48,657.7623
63,48,245.39
64,48,617.518
65,48,263.54
66,48,558.456
67,48,181
68,48,513.49
69,48,135.4
70,48,487.77
71,48,27
72,48,505.94
73,48,7.52
74,48,569.45
75,48,116.4
76,48,612.8
78,48,651.96
80,48,645.8
82,48,1325
84,48,618
48,49,610
49,49,820
52,49,1309.7
53,49,94
54,49,631.7
55,49,85.389
56,49,674.09
57,49,28.6
58,49,678.5
59,49,29.75
60,49,649.79
61,49,62.08
62,49,536.99
63,49,156.592
64,49,391.699
65,49,190.2682
66,49,336.244
67,49,127.267
68,49,315.303
69,49,60
70,49,311.37
72,49,313.68
73,49,40
74,49,327.21
75,49,36.53
76,49,360.12
77,49,90
78,49,408.9
79,49,247.87
80,49,459
81,49,50
82,49,302
83,49,25
84,49,330
51,50,171.7
53,50,168
54,50,1260.1
55,50,199.7
56,50,1207.7
57,50,151.2
58,50,1206.07
59,50,13.97
60,50,1212.02
61,50,154.48
62,50,1256.69
63,50,77.389
64,50,1299.907
65,50,497.334
66,50,1293.56
67,50,158.562
68,50,1229.666
69,50,23.871
70,50,1171.265
71,50,6.31
72,50,1140.51
73,50,24.6
74,50,1131.739
75,50,27.5
76,50,1141.15
77,50,5.07
78,50,1168.82
79,50,35.15
80,50,1221.26
82,50,4041.2
83,50,853.7
84,50,725.6
86,50,688
88,50,715
54,51,1219.41
55,51,103.5
56,51,768.62
57,51,259.5
58,51,402
59,51,194.7
60,51,487.4
61,51,38.4
62,51,644.78
63,51,27.33
64,51,723.583
65,51,93.99
66,51,527.31
67,51,31.26
68,51,270.52
70,51,37.1298
72,51,160.33
73,51,10.8627
74,51,332.06
75,51,17.7
76,51,490.94
78,51,645.14
79,51,4.8
80,51,798.494
82,51,962.3
83,51,13
84,51,281.8
85,51,43.4
89,51,70.9
53,52,150
54,52,664.8
55,52,90.3
56,52,625.2
57,52,98.12
58,52,657.2
59,52,117.1
60,52,689
62,52,708.74
63,52,20
64,52,678.92
65,52,274.4
66,52,605.706
67,52,257.484
68,52,560.438
69,52,212.191
70,52,564.094
71,52,158.994
72,52,602.7271
73,52,35.4925
74,52,666.338
75,52,61.161
76,52,743.216
77,52,105.51
78,52,839.494
79,52,182.258
80,52,974.22
81,52,308.242
82,52,1279.11
83,52,658.65
84,52,606.64
85,52,608.2
86,52,460.8
87,52,271
88,52,422.9
58,53,37.2
59,53,55
60,53,63.6
62,53,56.7
64,53,58.87
66,53,90.1
67,53,25.07
68,53,95.71
69,53,53.114
70,53,138.33
71,53,55.48
72,53,113.544
73,53,56.43
74,53,57.608
75,53,27.362
76,53,27.793
77,53,39.9525
78,53,149.716
79,53,22
80,53,312.075
81,53,44.39
82,53,603.68
83,53,86.73
84,53,243.3
85,53,67.9
86,53,209.5
56,54,469.7
58,54,466
59,54,125.91
60,54,450.08
61,54,208
62,54,393.6
63,54,204.82
64,54,337.32
65,54,169.34
66,54,322.61
67,54,153.99
68,54,331.28
69,54,97.37
70,54,354.03
71,54,111.79
72,54,388.632
73,54,124.751
74,54,442.911
75,54,39.5774
76,54,536.068
77,54,80.1854
78,54,667.715
79,54,233.221
80,54,847.041
81,54,288.455
82,54,1313.06
83,54,601.05
84,54,588.826
85,54,22.74
86,54,376.658
87,54,35.6
88,54,287.2
89,54,78.8
90,54,252.6
58,55,74.1
61,55,100
66,55,68.5
67,55,15.56
68,55,30.59
69,55,169.51
70,55,77.11
71,55,217.87
72,55,66.09
73,55,187.88
74,55,6.545
75,55,80.37
76,55,78.73
77,55,86.2
78,55,80.9979
79,55,11.2442
80,55,249.767
81,55,104.8
82,55,455.491
83,55,10.86
84,55,218.633
86,55,69.05
87,55,12.929
88,55,76.6
89,55,42.8
90,55,88.7
91,55,47
62,56,194
64,56,186
65,56,134.42
66,56,195.9
67,56,92.68
68,56,229.91
70,56,256.02
71,56,56.17
72,56,284
73,56,8.42
74,56,357.38
75,56,108.077
76,56,464.508
77,56,12.327
78,56,604.7223
79,56,220.968
80,56,818.522
81,56,283.54
82,56,1435.805
83,56,627.318
84,56,602.37
85,56,48.53
86,56,359.596
87,56,33.29
88,56,199.326
89,56,112.64
90,56,181.04
91,56,46.22
92,56,141.8
60,57,151
70,57,14.2
72,57,68.18
73,57,110.44
74,57,26.22
75,57,135.36
76,57,87.94
77,57,31.897
78,57,119.533
79,57,21.8
80,57,10.59
81,57,72.57
82,57,165.8577
83,57,29.9641
84,57,190.328
85,57,77.594
86,57,29.811
87,57,16.231
88,57,65.9
90,57,15.7
91,57,47.21
92,57,45.97
64,58,136.4
66,58,141.9
68,58,169.59
69,58,7.3
70,58,207.09
72,58,253.85
73,58,63.09
74,58,325.34
75,58,37.2
76,58,409.2
77,58,82.67
78,58,552.05
79,58,160.36
80,58,788.744
81,58,255.075
82,58,1596.233
83,58,662.07
84,58,641.282
85,58,18.9
86,58,397.441
87,58,64.3
88,58,258.45
89,58,117.711
90,58,158.467
91,58,55.1
92,58,97
94,58,81.2
70,59,91.1
72,59,87.57
74,59,61.68
76,59,41.43
77,59,40.19
78,59,75.5
79,59,194.22
80,59,113.92
81,59,27.23
82,59,145.4434
83,59,3.694
84,59,57.356
85,59,59.03
86,59,62.65
87,59,12.221
88,59,2.67
89,59,76.8
90,59,40
91,59,109.9
93,59,114.8
68,60,133.66
70,60,159.05
71,60,113.9
72,60,213.16
73,60,127.97
74,60,294.17
75,60,64.95
76,60,373.75
77,60,108.6
78,60,520.75
79,60,95.3
80,60,773.65
81,60,193.684
82,60,1575.78
83,60,742.05
84,60,696.561
85,60,67.167
86,60,453.84
87,60,49.9268
88,60,301.705
89,60,108.521
90,60,130.21
91,60,22.4506
92,60,72.4
93,60,49.94
94,60,70.8
95,60,59.8
96,60,67.2
98,60,65.9
100,60,65.2
70,61,273
76,61,163.7
78,61,188.7
79,61,139.95
80,61,196.87
81,61,208.52
82,61,272.04
83,61,60.727
84,61,61.25
85,61,17.23
86,61,91.1051
87,61,75.7
88,61,114.312
89,61,56.8
90,61,85.119
91,61,16.03
92,61,32.194
94,61,67.435
95,61,85.6
96,61,66
99,61,191
100,61,61.5
68,62,122
70,62,131
71,62,139.7
72,62,163
74,62,254.92
75,62,209.24
76,62,346.71
77,62,111.92
78,62,530.68
79,62,1.58
80,62,768.08
81,62,107.69
82,62,1660.027
83,62,893.788
84,62,747.174
85,62,121.212
86,62,550.255
87,62,22.507
88,62,333.955
89,62,4.821
90,62,121.7818
91,62,7.536
92,62,81.981
93,62,16.5467
94,62,75.89
95,62,52.393
96,62,72.8
97,62,71.8
98,62,70.8
102,62,69
74,63,273.2
76,63,116.16
77,63,174.59
78,63,96.45
79,63,178.87
80,63,258.82
81,63,333.29
82,63,329.92
83,63,14.51
84,63,229.323
85,63,232.8
86,63,149.732
87,63,41.7
88,63,21.541
89,63,45.5998
90,63,83.36728
91,63,68.1702
92,63,78.638
93,63,22.5176
94,63,76.709
96,63,75.41
97,63,93
70,64,115
74,64,220.86
76,64,328.6
77,64,113.16
78,64,515.2
79,64,45.1
80,64,743
81,64,27.3
82,64,1579.4
83,64,997.11
84,64,784.433
85,64,164.988
86,64,638.045
87,64,108.094
88,64,344.279
89,64,41.5568
90,64,123.0709
91,64,60.0106
92,64,88.97
93,64,54.536
94,64,79.5143
95,64,50.627
96,64,75.263
97,64,71.9
98,64,71.6
100,64,73.27
102,64,70
77,65,181.6
79,65,196.5
81,65,241.09
82,65,50.6
83,65,90.1
84,65,35.78
85,65,397.2
86,65,22.922
87,65,235.39
88,65,80.72
90,65,65.4622
91,65,49.63
92,65,60.881
93,65,55.04
94,65,57.9964
95,65,63.6856
96,65,56.289
97,65,39.1
98,65,54
101,65,40
74,66,202.2
76,66,315.9
77,66,66.7
78,66,492.5
79,66,66.3
80,66,682.62
81,66,72.04
82,66,1677.3
83,66,1034.6
84,66,803.64
85,66,209.57
86,66,613.83
87,66,108.84
88,66,334.34
89,66,39.384
90,66,137.77
91,66,61.141
92,66,98.918
93,66,56.626
94,66,86.7877
95,66,25.65136
96,66,80.661
97,66,73.4448
98,66,73.393
99,66,83.3942
100,66,76.587
101,66,57.2
104,66,71.47
74,67,66
76,67,318
77,67,60.6
78,67,486.9
80,67,584.96
82,67,48.8
84,67,41
85,67,160
86,67,68.7
87,67,26.9
88,67,110.14
89,67,52.37
90,67,53.048
91,67,67.2
92,67,97.45
93,67,59.98
94,67,99.63
95,67,38.34
96,67,100.03
97,67,37.341
98,67,94.7
99,67,5.969
100,67,98
101,67,59
102,67,97
103,67,120
77,68,175
79,68,80.9
80,68,645.89
81,68,111.3
82,68,1578.33
83,68,801.52
84,68,808.3
85,68,266.5
86,68,560.8
87,68,88.08
88,68,344.53
89,68,10.3
90,68,192.15
91,68,59.249
92,68,125.47
93,68,59.501
94,68,102.04
95,68,69.23
96,68,91.38
97,68,47.159
98,68,80.5776
99,68,79.3221
100,68,79.804
101,68,64.55
102,68,78.59
103,68,79.05
104,68,77
76,69,338.4
77,69,182
78,69,68
81,69,16.89
83,69,141.61
84,69,43.2
85,69,133.2
86,69,41
87,69,115.2
88,69,35.23
89,69,74.1
90,69,52.98
91,69,42.11
92,69,7.51
93,69,44.651
94,69,13.52
96,69,11.54
98,69,10.4
99,69,3
100,69,8.41017
101,69,38.7139
102,69,5.0359
103,69,62.529
104,69,2.46
106,69,2.6
82,70,1531.4
83,70,567.03
84,70,821.3
85,70,168.7
86,70,536
87,70,205.5
88,70,358.2
90,70,243
91,70,43.67
92,70,166.72
93,70,53.88
94,70,123.31
95,70,87.53
96,70,102.37
97,70,29.658
98,70,87.73
99,70,24.1999
100,70,84.25468
101,70,66.732
102,70,78.7427
103,70,78.647
104,70,76.471
105,70,104.5263
106,70,82.135
107,70,104.51
108,70,84
79,71,22
80,71,78
82,71,80
84,71,20
86,71,20.9
91,71,5
92,71,16.84
93,71,31.3
95,71,34.37
98,71,29
100,71,71.13
101,71,41.86
102,71,117.181
103,71,44.6966
104,71,113.806
105,71,122.845
106,71,121.6214
107,71,42.4
108,71,35
109,71,13.9
82,72,1513
84,72,857.2
85,72,111
86,72,476.36
87,72,98.87
88,72,389.4
89,72,126.8
90,72,285
91,72,107.1
92,72,210.7
93,72,76.4
94,72,158.64
95,72,92.2
96,72,124.1
97,72,28.8
98,72,100.74
99,72,21.93
100,72,95.22
101,72,69.73
102,72,90.985
103,72,81.4
104,72,88.349
105,72,112.9498
106,72,93.1803
107,72,122.7904
108,72,93.324
109,72,45.763
110,72,97.79
111,72,68.57
112,72,107.1
83,73,102
84,73,22
85,73,141
86,73,64
92,73,60
94,73,94.66
95,73,178.43
98,73,31.2
99,73,3.2
102,73,36.405
104,73,70.48
106,73,30.7
107,73,39.54
108,73,6.237
109,73,16.273
110,73,73.164
111,73,47.9
112,73,164.5
115,73,99
83,74,318
84,74,913
86,74,609.9
88,74,449.5
89,74,102
90,74,331.9
91,74,43
92,74,252
94,74,199.3
96,74,156.72
97,74,101.86
98,74,123.2
100,74,113
101,74,75.02
102,74,108.3
103,74,79.49
104,74,105.9
105,74,119.9127
106,74,103.561
107,74,113.4
108,74,100.10598
109,74,46.4838
110,74,111.2174
111,74,23.547
112,74,122.63
113,74,77.289
114,74,143.16
116,74,206.8
118,74,219
85,75,50
86,75,123.8
87,75,173
88,75,115
90,75,48
93,75,89.7
96,75,157.09
98,75,87.1
100,75,75.7
104,75,65.35
105,75,20.1
106,75,117.96
108,75,114.475
109,75,56
110,75,125.3587
111,75,59.01
112,75,134.244
113,75,63.5959
114,75,125
115,75,119.12
116,75,27
117,75,160.1
119,75,285
86,76,706.7
87,76,623.7
88,76,548
89,76,95.2
90,76,432
91,76,87.1
92,76,341.2
94,76,286.7
95,76,76.7
96,76,227.77
97,76,91.6
98,76,158.6
99,76,90.32
100,76,135.1
101,76,75.6
102,76,132.2
103,76,86.31
104,76,132.11
105,76,49.2
106,76,126.89
107,76,96.39
108,76,119.77
109,76,37.45
110,76,137.159
111,76,9.756
112,76,155.043
113,76,30.82
114,76,186.718
115,76,74.382
116,76,205.79442
117,76,41.4844
118,76,218.509
119,76,438.6
120,76,324.4
122,76,465.4
88,77,180
89,77,172
90,77,175.3
92,77,153
96,77,71.1
97,77,193
101,77,54.4
103,77,80.4
104,77,24.89
105,77,8.1
106,77,15.8
107,77,11.6
108,77,5.8
110,77,106.478
111,77,54.81
112,77,94.34
114,77,82.423
115,77,12.984
116,77,73.041
117,77,43.119
118,77,69.181
119,77,126.2
120,77,52
121,77,116.4
90,78,581.4
92,78,509.2
93,78,89.5
94,78,457.6
96,78,394.2
98,78,264
99,78,81.2
100,78,170.3
101,78,71.4
102,78,153.24
103,78,79.41
104,78,154.97
105,78,34.74
106,78,162.98
107,78,94.79
108,78,191.53
109,78,9.27
110,78,265.61
111,78,6.4
112,78,295.78
113,78,9.547
114,78,316.50645
115,78,1.642
116,78,328.473
117,78,98.88
118,78,355.6841
119,78,53.088
120,78,407.22
121,78,32
122,78,470.1
123,78,374.2
124,78,534.9
125,78,367
126,78,872
91,79,285
92,79,259
94,79,214
98,79,24.9
104,79,12.4
107,79,36.14
108,79,19.53
109,79,16
110,79,9.94
111,79,29.1
112,79,11.1
113,79,31.61
114,79,38.234
115,79,35.22
116,79,61.434
117,79,6.48
118,79,77.351
119,79,55.1812
120,79,77.1942
121,79,59.98
122,79,101
124,79,39
126,79,907
92,80,672.8
95,80,80
96,80,613.3
97,80,77.2
98,80,558
100,80,419.8
102,80,328
104,80,366.78
105,80,26.1
106,80,405.33
108,80,412.91
109,80,64.3
110,80,416.32
111,80,51.58
112,80,422.79
113,80,39.51
114,80,427.92
115,80,37.083
116,80,425.98
117,80,133.96
118,80,411.80251
119,80,158.37859
120,80,367.943
121,80,1.5648
122,80,439.512
123,80,7.49
124,80,436.552
125,80,379.46
126,80,1068.2
128,80,669
130,80,643
96,81,807
100,81,258
102,81,273
104,81,184
106,81,299.33
107,81,35
108,81,281
109,81,83
110,81,341.2
112,81,365.2
113,81,192.07
114,81,383.66
115,81,191.7
116,81,385.77
117,81,173.41
118,81,366.89
119,81,147.634
120,81,331.16
121,81,186.3
122,81,279.1954
123,81,139.97
124,81,203.7
125,81,265.832
126,81,351.06
127,81,39.858
128,81,323.81
129,81,62.5
98,82,1168
100,82,888.3
101,82,97
102,82,570
104,82,536
105,82,33
106,82,591
107,82,40
108,82,658
109,82,597
110,82,768.84
112,82,930.7
113,82,134.52
114,82,1049.2
115,82,84.88
116,82,1063.5
118,82,1026.61
119,82,88.5
120,82,960.67
121,82,126.5
122,82,899.165
123,82,2.329
124,82,803.054
125,82,569.6982
126,82,2614.522
127,82,778.89
128,82,799.7
129,82,438.9
130,82,804.9
131,82,675
132,82,835
134,82,887
104,83,63
105,83,65
106,83,99.6
107,83,45
108,83,148.7
109,83,147
110,83,278.44
111,83,145
112,83,401
113,83,158.3
114,83,500
116,83,667
118,83,846.35
119,83,7
120,83,883.35
121,83,5.55
122,83,795.89
123,83,59.897
124,83,669.77
125,83,63.02
126,83,896.28
127,83,46.539
128,83,404.866
129,83,115.183
130,83,257.86
131,83,53.226
132,83,183.5
134,83,744
105,84,194
106,84,234.1
107,84,40
108,84,262
109,84,100
110,84,319.31
111,84,200
112,84,463.12
113,84,130
114,84,604.94
115,84,72
116,84,665.9
117,84,6.3
118,84,677.2
119,84,62.51
120,84,684.341
121,84,143.166
122,84,700.66
123,84,68.557
124,84,686.526
125,84,544.98
126,84,1181.398
127,84,687.2
128,84,727.33
129,84,292.805
130,84,609.317
131,84,271.228
132,84,549.76
133,84,254.1
134,84,509.7
106,85,55
108,85,5
110,85,33
111,85,157.9
112,85,52
115,85,112
116,85,634.9
118,85,221.4
119,85,587.3
120,85,265.05
122,85,344.55
123,85,23.527
124,85,408.37
125,85,72.65
126,85,674.11
127,85,54.99
128,85,340.5
129,85,59
130,85,169.88
131,85,44.59
132,85,100.13
134,85,58.9
109,86,59
112,86,339
113,86,180
114,86,432.6
116,86,504
117,86,362
118,86,542.9
119,86,31.4
120,86,575.3
121,86,120.03
122,86,635.8
123,86,110.25
124,86,643.9
125,86,539.9
126,86,1273.7
127,86,704.9
128,86,694.7
129,86,213.97
130,86,461.4
131,86,88.89
132,86,324.32
133,86,4.413
134,86,240.986
135,86,30
136,86,186.211
116,87,161.9
117,87,41
118,87,209
120,87,599.6
121,87,633
122,87,606.06
124,87,395.82
125,87,82.47
126,87,498
127,87,121
128,87,670.34
129,87,133.3
130,87,210
132,87,15
133,87,6.92
134,87,26
135,87,40
136,87,12.882
138,87,28.545
140,87,2.74
115,88,246
117,88,263
118,88,474.3
119,88,554
120,88,520.2
121,88,644
122,88,603.7
123,88,133.86
124,88,629.3
125,88,546.35
126,88,1382.3
127,88,773
128,88,688.2
129,88,209
130,88,388.9
131,88,16.6
132,88,178.47
133,88,53.14
134,88,111.12
135,88,29.858
136,88,84.372
137,88,25.41
138,88,67.67
139,88,1.733
140,88,63.823
141,88,41.25
142,88,57.4
143,88,46.23
144,88,54.5
119,89,506
123,89,133.6
124,89,466.5
125,89,91.8
126,89,1317
127,89,48
128,89,660.2
130,89,169
131,89,13.79
132,89,9
134,89,12.5
135,89,17.6
136,89,29.91
137,89,5.1
138,89,27.369
139,89,6.28
140,89,7
141,89,8.99
142,89,5.25
143,89,7.5
123,90,799
124,90,623
125,90,560.8
126,90,1478.2
127,90,673.3
128,90,689
129,90,244
130,90,386.5
131,90,47
132,90,183.3
133,90,51.3
134,90,98.1
135,90,68.4
136,90,72.2
137,90,9.3
138,90,57.773
139,90,0.0076
140,90,53.227
141,90,41.953
142,90,49.369
144,90,49.55
146,90,48.4
126,91,1854
127,91,82
132,91,27
138,91,11.4
139,91,28
140,91,9.206
142,91,6.677
143,91,73.92
144,91,10
145,91,31.5
146,91,35
124,92,2240
126,92,2105
134,92,81.3
136,92,59
137,92,15
138,92,51.727
139,92,40
140,92,47.573
141,92,40.351
142,92,43.4981
143,92,0.076
144,92,45.244
145,92,11.393
146,92,44.916
147,92,42.534
148,92,45
150,92,47.8
139,93,50
140,93,34.4
142,93,34.23
144,93,33.19629
145,93,26.4266
146,93,31.1309
149,93,55.58
150,93,76
140,94,4170
141,94,41.9
142,94,44.63
143,94,47.71
144,94,44.065
145,94,7.861
146,94,42.824
147,94,41.9722
148,94,44.54
149,94,58.13
150,94,44.2
151,94,194.1
152,94,46.7
143,95,2500
144,95,40.7
145,95,41
146,95,41.176
147,95,44.092
148,95,42.2
149,95,89.5
150,95,19.2
139,96,50
140,96,45
141,96,194
142,96,35
143,96,242
144,96,38
145,96,5.5
146,96,42.13
147,96,42
148,96,42.957
149,96,54.789
150,96,42.852
151,96,61.67
152,96,43.4
153,96,26.236
154,96,43
139,97,102
142,97,47
143,97,240
144,97,51
145,97,250
146,97,18
147,97,140
150,97,29.88
152,97,8.777
153,97,34.47
154,97,32.5
143,98,155
145,98,7
146,98,37
147,98,5
148,98,44
149,98,55
150,98,41.53
151,98,62.48
152,98,42.721
153,98,24.826
154,98,45.72
155,98,61.61
156,98,50
145,99,200
150,99,353.2
152,99,8.4
153,99,35
154,99,46.3
155,99,80.1
147,100,45
148,100,46
149,100,58
151,100,63.9
152,100,42.1
153,100,22.3
154,100,44.992
155,100,61.6
156,100,48.12
144,101,300
147,101,45
149,101,250
150,101,55
151,101,49
152,101,60
154,101,12
155,101,240
148,102,1050
149,102,60.7
150,102,46.4
151,102,64
152,102,44.2
149,103,120
152,103,38
153,103,236
151,104,63
152,104,44
153,104,50
158,104,254
152,105,250
155,105,200
163,105,140
155,106,56
157,107,300
165,107,60.2
157,108,300
158,108,85
159,108,57
160,110,1130
163,110,283
171,113,105
